input_file,algorithm,input_size,runs,wall_time_s,energy_kwh,emissions_kgco2eq
random_10000.csv,merge,10000,30,1.889795,5.72444E-06,1.6647E-06
random_10000.csv,quick,10000,30,1.764762,5.19319E-06,1.51021E-06
random_10000.csv,counting,10000,30,1.562313,4.3611E-06,1.26823E-06
random_10000.csv,bubble,10000,5,16.331167,4.02561E-05,1.17067E-05
random_11721.csv,merge,11721,30,2.031884,6.33799E-06,1.84312E-06
random_11721.csv,quick,11721,30,1.836774,5.49235E-06,1.5972E-06
random_11721.csv,counting,11721,30,1.568938,4.385E-06,1.27518E-06
random_11721.csv,bubble,11721,5,22.12311,4.88986E-05,1.422E-05
random_13738.csv,merge,13738,30,2.112714,6.75361E-06,1.96399E-06
random_13738.csv,quick,13738,30,1.901934,5.75593E-06,1.67385E-06
random_13738.csv,counting,13738,30,1.568646,4.56672E-06,1.32802E-06
random_13738.csv,bubble,13738,5,31.682922,7.05553E-05,2.05178E-05
random_16103.csv,merge,16103,30,2.231784,7.16701E-06,2.0842E-06
random_16103.csv,quick,16103,30,1.915181,5.9088E-06,1.71831E-06
random_16103.csv,counting,16103,30,1.575058,4.41162E-06,1.28292E-06
random_16103.csv,bubble,16103,5,41.778516,8.88363E-05,2.5834E-05
random_18874.csv,merge,18874,30,2.389345,7.76387E-06,2.25777E-06
random_18874.csv,quick,18874,30,2.01091,6.2071E-06,1.80506E-06
random_18874.csv,counting,18874,30,1.581109,4.43965E-06,1.29107E-06
random_18874.csv,bubble,18874,5,56.518444,0.000121587,3.53581E-05
random_22122.csv,merge,22122,30,2.620109,1.45229E-05,4.22333E-06
random_22122.csv,quick,22122,30,2.361314,7.69841E-06,2.23874E-06
random_22122.csv,counting,22122,30,1.598207,4.53267E-06,1.31812E-06
random_22122.csv,bubble,22122,5,79.867588,0.000173503,5.04555E-05
random_25929.csv,merge,25929,30,2.711443,1.75737E-05,5.11051E-06
random_25929.csv,quick,25929,30,2.225392,7.08937E-06,2.06163E-06
random_25929.csv,counting,25929,30,1.596413,4.50266E-06,1.3094E-06
random_25929.csv,bubble,25929,5,106.402416,0.000224992,6.54288E-05
random_30392.csv,merge,30392,30,2.758778,1.78274E-05,5.1843E-06
random_30392.csv,quick,30392,30,2.417524,7.87865E-06,2.29115E-06
random_30392.csv,counting,30392,30,1.603884,4.53314E-06,1.31826E-06
random_30392.csv,bubble,30392,5,145.929453,0.000307961,8.95566E-05
random_35622.csv,merge,35622,30,3.241185,9.13414E-06,2.65625E-06
random_35622.csv,quick,35622,30,2.529616,1.40411E-05,4.08321E-06
random_35622.csv,counting,35622,30,1.619622,4.59908E-06,1.33743E-06
random_35622.csv,bubble,35622,5,201.139202,0.000426868,0.000124135
random_41753.csv,merge,41753,30,3.287393,9.42137E-06,2.73978E-06
random_41753.csv,quick,41753,30,2.752766,1.77078E-05,5.14952E-06
random_41753.csv,counting,41753,30,1.625118,4.62093E-06,1.34379E-06
random_57362.csv,merge,57362,30,5.741594,1.66887E-05,4.85316E-06
random_57362.csv,quick,57362,30,3.332039,9.5026E-06,2.76341E-06
random_57362.csv,counting,57362,30,1.662828,4.77367E-06,1.38821E-06
random_67234.csv,merge,67234,30,4.480316,1.21273E-05,3.52669E-06
random_67234.csv,quick,67234,30,3.812995,1.37278E-05,3.9921E-06
random_67234.csv,counting,67234,30,1.680187,4.84669E-06,1.40944E-06
random_78805.csv,merge,78805,30,5.058928,1.5607E-05,4.5386E-06
random_78805.csv,quick,78805,30,4.097062,1.49052E-05,4.33451E-06
random_78805.csv,counting,78805,30,1.703377,4.94056E-06,1.43674E-06
random_92367.csv,merge,92367,30,5.766632,1.72949E-05,5.02944E-06
random_92367.csv,quick,92367,30,5.238894,1.30299E-05,3.78916E-06
random_92367.csv,counting,92367,30,1.730131,5.0521E-06,1.46918E-06
random_108264.csv,merge,108264,30,6.486504,1.61551E-05,4.69799E-06
random_108264.csv,quick,108264,30,6.486393,1.63999E-05,4.76919E-06
random_108264.csv,counting,108264,30,1.852041,5.55083E-06,1.61421E-06
random_126896.csv,merge,126896,30,7.597355,1.86671E-05,5.42848E-06
random_126896.csv,quick,126896,30,7.184443,2.12589E-05,6.18218E-06
random_126896.csv,counting,126896,30,1.854952,5.57322E-06,1.62072E-06
random_148735.csv,merge,148735,30,9.008791,2.37671E-05,6.9116E-06
random_148735.csv,quick,148735,30,8.118561,2.30561E-05,6.70482E-06
random_148735.csv,counting,148735,30,1.895534,5.73228E-06,1.66698E-06
random_174333.csv,merge,174333,30,10.248858,2.77629E-05,8.07359E-06
random_174333.csv,quick,174333,30,9.798892,2.35621E-05,6.85197E-06
random_174333.csv,counting,174333,30,1.901772,5.75618E-06,1.67393E-06
random_204336.csv,merge,204336,30,12.403634,3.24384E-05,9.43324E-06
random_204336.csv,quick,204336,30,11.715099,2.70022E-05,7.85238E-06
random_204336.csv,counting,204336,30,2.0358,6.30773E-06,1.83432E-06
random_239503.csv,merge,239503,30,14.246392,3.44745E-05,1.00254E-05
random_239503.csv,quick,239503,30,14.503536,3.67363E-05,1.06831E-05
random_239503.csv,counting,239503,30,2.037976,6.31771E-06,1.83722E-06
random_280722.csv,merge,280722,30,17.343135,4.20031E-05,1.22147E-05
random_280722.csv,quick,280722,30,17.34569,4.09902E-05,1.19201E-05
random_280722.csv,counting,280722,30,2.132421,6.70679E-06,1.95037E-06
random_329034.csv,merge,329034,30,21.164162,4.72256E-05,1.37334E-05
random_329034.csv,quick,329034,30,22.183087,4.89359E-05,1.42308E-05
random_329034.csv,counting,329034,30,2.211388,7.03217E-06,2.04499E-06
random_385662.csv,merge,385662,30,24.825257,5.83406E-05,1.69657E-05
random_385662.csv,quick,385662,30,29.132046,6.25669E-05,1.81948E-05
random_385662.csv,counting,385662,30,2.344741,7.57823E-06,2.20379E-06
random_452035.csv,merge,452035,30,29.192449,6.2591E-05,1.82018E-05
random_452035.csv,quick,452035,30,36.271852,8.0751E-05,2.34828E-05
random_452035.csv,counting,452035,30,2.494734,8.19603E-06,2.38345E-06
random_529832.csv,merge,529832,30,34.593842,7.45537E-05,2.16806E-05
random_529832.csv,quick,529832,30,47.38575,0.000104036,3.02542E-05
random_529832.csv,counting,529832,30,2.962555,1.85713E-05,5.40061E-06
random_621017.csv,merge,621017,30,42.184494,9.27317E-05,2.69668E-05
random_621017.csv,quick,621017,30,60.529255,0.000128436,3.73499E-05
random_621017.csv,counting,621017,30,2.90457,1.51968E-05,4.4193E-06
random_727895.csv,merge,727895,30,48.827944,0.000107834,3.13585E-05
random_727895.csv,quick,727895,30,80.408117,0.000170029,4.94452E-05
random_727895.csv,counting,727895,30,3.069904,1.91559E-05,5.57064E-06
random_853168.csv,merge,853168,30,58.233086,0.000127208,3.69927E-05
random_853168.csv,quick,853168,30,103.443033,0.000218807,6.363E-05
random_853168.csv,counting,853168,30,3.350666,9.58828E-06,2.78832E-06
random_1000000.csv,merge,1000000,30,70.54429,0.000151616,4.40906E-05
random_1000000.csv,quick,1000000,30,137.302613,0.000292469,8.50515E-05
random_1000000.csv,counting,1000000,30,3.728853,1.22172E-05,3.55282E-06
sorted_10000.csv,merge,10000,30,1.820184,5.42088E-06,1.57642E-06
sorted_10000.csv,counting,10000,30,1.561132,4.35639E-06,1.26686E-06
sorted_10000.csv,bubble,10000,5,8.672009,2.10514E-05,6.12185E-06
sorted_11721.csv,merge,11721,30,1.919209,5.82922E-06,1.69517E-06
sorted_11721.csv,counting,11721,30,1.556485,4.33802E-06,1.26152E-06
sorted_11721.csv,bubble,11721,5,12.081551,3.06633E-05,8.91705E-06
sorted_13738.csv,merge,13738,30,1.997781,6.15675E-06,1.79041E-06
sorted_13738.csv,counting,13738,30,1.576416,4.4178E-06,1.28472E-06
sorted_13738.csv,bubble,13738,5,15.914844,3.61329E-05,1.05076E-05
sorted_16103.csv,merge,16103,30,2.09071,6.54251E-06,1.90259E-06
sorted_16103.csv,counting,16103,30,1.58917,4.47267E-06,1.30067E-06
sorted_16103.csv,bubble,16103,5,22.187141,4.89501E-05,1.42349E-05
sorted_18874.csv,merge,18874,30,2.10857,6.60573E-06,1.92098E-06
sorted_18874.csv,counting,18874,30,1.594,4.49351E-06,1.30674E-06
sorted_18874.csv,bubble,18874,5,30.613032,6.69776E-05,1.94774E-05
sorted_22122.csv,merge,22122,30,2.23507,7.12637E-06,2.07239E-06
sorted_22122.csv,counting,22122,30,1.61657,4.58497E-06,1.33333E-06
sorted_22122.csv,bubble,22122,5,41.518828,9.24446E-05,2.68833E-05
sorted_25929.csv,merge,25929,30,2.462068,8.06042E-06,2.34401E-06
sorted_25929.csv,counting,25929,30,1.629416,4.65915E-06,1.3549E-06
sorted_25929.csv,bubble,25929,5,56.633489,0.000120895,3.51568E-05
sorted_30392.csv,merge,30392,30,2.496947,8.20356E-06,2.38564E-06
sorted_30392.csv,counting,30392,30,1.653299,4.73509E-06,1.37699E-06
sorted_30392.csv,bubble,30392,5,78.386048,0.000166607,4.84502E-05
sorted_35622.csv,merge,35622,30,2.883502,1.524E-05,4.43187E-06
sorted_35622.csv,counting,35622,30,1.67387,4.82203E-06,1.40227E-06
sorted_35622.csv,bubble,35622,5,106.713776,0.000225397,6.55465E-05
sorted_41753.csv,merge,41753,30,2.911959,1.53455E-05,4.46254E-06
sorted_41753.csv,counting,41753,30,1.692499,4.8989E-06,1.42463E-06
sorted_41753.csv,bubble,41753,5,146.629118,0.000312442,9.08597E-05
sorted_48939.csv,merge,48939,30,3.192518,8.94806E-06,2.60214E-06
sorted_48939.csv,counting,48939,30,1.738587,5.08733E-06,1.47942E-06
sorted_57362.csv,merge,57362,30,3.48532,1.0208E-05,2.96854E-06
sorted_57362.csv,counting,57362,30,1.778878,5.24854E-06,1.5263E-06
sorted_67234.csv,merge,67234,30,3.880553,1.31027E-05,3.81032E-06
sorted_67234.csv,counting,67234,30,1.826373,5.4477E-06,1.58422E-06
sorted_78805.csv,merge,78805,30,4.305228,1.14374E-05,3.32606E-06
sorted_78805.csv,counting,78805,30,1.880933,5.67457E-06,1.65019E-06
sorted_92367.csv,merge,92367,30,4.80824,1.46546E-05,4.26163E-06
sorted_92367.csv,counting,92367,30,2.009698,6.20218E-06,1.80362E-06
sorted_108264.csv,merge,108264,30,5.508306,1.42604E-05,4.14701E-06
sorted_108264.csv,counting,108264,30,2.095299,6.55129E-06,1.90515E-06
sorted_126896.csv,merge,126896,30,6.196527,1.92897E-05,5.60954E-06
sorted_126896.csv,counting,126896,30,2.19524,6.97308E-06,2.02781E-06
sorted_148735.csv,merge,148735,30,7.107504,2.08927E-05,6.0757E-06
sorted_148735.csv,counting,148735,30,2.327155,7.51539E-06,2.18551E-06
sorted_174333.csv,merge,174333,30,8.244568,2.35012E-05,6.83426E-06
sorted_174333.csv,counting,174333,30,2.460059,8.05331E-06,2.34194E-06
sorted_204336.csv,merge,204336,30,9.591385,2.26764E-05,6.59442E-06
sorted_204336.csv,counting,204336,30,2.627875,1.44033E-05,4.18855E-06
sorted_239503.csv,merge,239503,30,11.112858,2.80192E-05,8.14812E-06
sorted_239503.csv,counting,239503,30,2.839255,1.5135E-05,4.40135E-06
sorted_280722.csv,merge,280722,30,13.247246,3.23682E-05,9.41282E-06
sorted_280722.csv,counting,280722,30,2.865047,1.50415E-05,4.37414E-06
sorted_329034.csv,merge,329034,30,15.678332,3.49749E-05,1.01709E-05
sorted_329034.csv,counting,329034,30,3.34808,9.61543E-06,2.79622E-06
sorted_385662.csv,merge,385662,30,18.56416,4.37211E-05,1.27143E-05
sorted_385662.csv,counting,385662,30,3.661867,1.23403E-05,3.58861E-06
sorted_452035.csv,merge,452035,30,21.901184,4.78131E-05,1.39043E-05
sorted_452035.csv,counting,452035,30,4.038958,1.31758E-05,3.8316E-06
sorted_529832.csv,merge,529832,30,25.884813,6.00084E-05,1.74507E-05
sorted_529832.csv,counting,529832,30,4.06203,1.34605E-05,3.91437E-06
sorted_621017.csv,merge,621017,30,30.516518,6.63556E-05,1.92965E-05
sorted_621017.csv,counting,621017,30,4.47536,1.2146E-05,3.53212E-06
sorted_727895.csv,merge,727895,30,36.380334,8.13022E-05,2.36431E-05
sorted_727895.csv,counting,727895,30,5.048807,1.67497E-05,4.87089E-06
sorted_853168.csv,merge,853168,30,61.35643,0.000139593,4.05944E-05
sorted_853168.csv,counting,853168,30,5.654335,1.48293E-05,4.31243E-06
sorted_1000000.csv,merge,1000000,30,50.562036,0.000109676,3.18944E-05
sorted_1000000.csv,counting,1000000,30,6.338537,1.54912E-05,4.50492E-06
reverse_10000.csv,merge,10000,30,1.808404,5.37383E-06,1.56274E-06
reverse_10000.csv,counting,10000,30,1.557461,4.34227E-06,1.26275E-06
reverse_10000.csv,bubble,10000,5,19.787271,4.77914E-05,1.3898E-05
reverse_11721.csv,merge,11721,30,1.873554,5.64111E-06,1.64046E-06
reverse_11721.csv,counting,11721,30,1.567133,4.39826E-06,1.27904E-06
reverse_11721.csv,bubble,11721,5,26.752599,6.15878E-05,1.791E-05
reverse_13738.csv,merge,13738,30,1.938694,5.90757E-06,1.71795E-06
reverse_13738.csv,counting,13738,30,1.574461,4.41121E-06,1.2828E-06
reverse_13738.csv,bubble,13738,5,36.761966,7.93529E-05,2.30762E-05
reverse_16103.csv,merge,16103,30,2.017008,6.25991E-06,1.82041E-06
reverse_16103.csv,counting,16103,30,1.591879,4.48307E-06,1.3037E-06
reverse_16103.csv,bubble,16103,5,50.105952,0.00011036,3.20934E-05
reverse_18874.csv,merge,18874,30,2.119556,6.65238E-06,1.93454E-06
reverse_18874.csv,counting,18874,30,1.603716,4.53417E-06,1.31856E-06
reverse_18874.csv,bubble,18874,5,68.885065,0.000145786,4.23954E-05
reverse_22122.csv,merge,22122,30,2.247623,7.379E-06,2.14585E-06
reverse_22122.csv,counting,22122,30,1.610548,4.59403E-06,1.33597E-06
reverse_22122.csv,bubble,22122,5,94.59448,0.000202622,5.89235E-05
reverse_25929.csv,merge,25929,30,2.364532,7.65907E-06,2.2273E-06
reverse_25929.csv,counting,25929,30,1.627393,4.63017E-06,1.34648E-06
reverse_25929.csv,bubble,25929,5,129.893658,0.000275773,8.01962E-05
reverse_30392.csv,merge,30392,30,2.510942,8.26234E-06,2.40273E-06
reverse_30392.csv,counting,30392,30,1.648133,4.71429E-06,1.37094E-06
reverse_30392.csv,bubble,30392,5,178.518093,0.000376522,0.000109495
reverse_35622.csv,merge,35622,30,2.716269,1.75916E-05,5.11571E-06
reverse_35622.csv,counting,35622,30,1.673328,4.81782E-06,1.40105E-06
reverse_35622.csv,bubble,35622,5,246.019778,0.000515274,0.000149844
reverse_41753.csv,merge,41753,30,2.948079,1.53846E-05,4.47391E-06
reverse_41753.csv,counting,41753,30,1.702384,4.93954E-06,1.43644E-06
reverse_41753.csv,bubble,41753,5,337.481131,0.000704376,0.000204836
reverse_48939.csv,merge,48939,30,3.196726,9.01564E-06,2.62179E-06
reverse_48939.csv,counting,48939,30,1.739008,5.12392E-06,1.49006E-06
reverse_57362.csv,merge,57362,30,3.511176,1.02987E-05,2.99491E-06
reverse_57362.csv,counting,57362,30,1.77792,5.24918E-06,1.52649E-06
reverse_67234.csv,merge,67234,30,3.911109,1.30781E-05,3.80318E-06
reverse_67234.csv,counting,67234,30,1.823894,5.43808E-06,1.58142E-06
reverse_78805.csv,merge,78805,30,4.35305,1.16362E-05,3.38386E-06
reverse_78805.csv,counting,78805,30,1.887091,5.69646E-06,1.65656E-06
reverse_92367.csv,merge,92367,30,4.877715,1.59565E-05,4.64024E-06
reverse_92367.csv,counting,92367,30,1.94366,5.92485E-06,1.72298E-06
reverse_108264.csv,merge,108264,30,5.487113,1.41488E-05,4.11455E-06
reverse_108264.csv,counting,108264,30,2.019127,6.24116E-06,1.81496E-06
reverse_126896.csv,merge,126896,30,6.193574,1.79279E-05,5.21352E-06
reverse_126896.csv,counting,126896,30,2.117573,6.64501E-06,1.9324E-06
reverse_148735.csv,merge,148735,30,7.223926,2.01331E-05,5.8548E-06
reverse_148735.csv,counting,148735,30,2.220533,7.06878E-06,2.05564E-06
reverse_174333.csv,merge,174333,30,8.331864,2.24806E-05,6.53746E-06
reverse_174333.csv,counting,174333,30,2.345239,7.58128E-06,2.20467E-06
reverse_204336.csv,merge,204336,30,9.782694,2.34199E-05,6.81062E-06
reverse_204336.csv,counting,204336,30,2.632579,1.72313E-05,5.01094E-06
reverse_239503.csv,merge,239503,30,11.420562,2.86867E-05,8.34224E-06
reverse_239503.csv,counting,239503,30,2.846187,1.81344E-05,5.27356E-06
reverse_280722.csv,merge,280722,30,13.338603,3.37284E-05,9.8084E-06
reverse_280722.csv,counting,280722,30,3.060297,1.56364E-05,4.54713E-06
reverse_329034.csv,merge,329034,30,15.828492,3.54181E-05,1.02998E-05
reverse_329034.csv,counting,329034,30,3.349256,9.67408E-06,2.81327E-06
reverse_385662.csv,merge,385662,30,18.759219,4.43105E-05,1.28857E-05
reverse_385662.csv,counting,385662,30,3.659899,1.28877E-05,3.74782E-06
reverse_452035.csv,merge,452035,30,21.924606,4.78809E-05,1.3924E-05
reverse_452035.csv,counting,452035,30,4.035059,1.45654E-05,4.23569E-06
reverse_529832.csv,merge,529832,30,26.118585,5.63424E-05,1.63846E-05
reverse_529832.csv,counting,529832,30,4.204642,1.10288E-05,3.20724E-06
reverse_621017.csv,merge,621017,30,31.563074,6.8171E-05,1.98245E-05
reverse_621017.csv,counting,621017,30,4.896902,1.60545E-05,4.66872E-06
reverse_727895.csv,merge,727895,30,36.830998,7.94513E-05,2.31048E-05
reverse_727895.csv,counting,727895,30,5.136601,1.56758E-05,4.55859E-06
reverse_853168.csv,merge,853168,30,43.351745,9.60578E-05,2.79341E-05
reverse_853168.csv,counting,853168,30,6.204188,1.50093E-05,4.36477E-06
reverse_1000000.csv,merge,1000000,30,50.543211,0.000108826,3.16472E-05
reverse_1000000.csv,counting,1000000,30,7.023298,1.9408E-05,5.64394E-06
nearly_sorted_10000.csv,merge,10000,30,1.852925,5.55796E-06,1.61628E-06
nearly_sorted_10000.csv,quick,10000,30,2.012303,6.2132E-06,1.80683E-06
nearly_sorted_10000.csv,counting,10000,30,1.556725,4.39621E-06,1.27844E-06
nearly_sorted_10000.csv,bubble,10000,5,9.819078,2.35324E-05,6.84334E-06
nearly_sorted_11721.csv,merge,11721,30,1.979234,6.07775E-06,1.76744E-06
nearly_sorted_11721.csv,quick,11721,30,2.344546,7.57931E-06,2.2041E-06
nearly_sorted_11721.csv,counting,11721,30,1.565547,4.38161E-06,1.27419E-06
nearly_sorted_11721.csv,bubble,11721,5,12.884866,2.99242E-05,8.7021E-06
nearly_sorted_13738.csv,merge,13738,30,2.06977,6.43949E-06,1.87264E-06
nearly_sorted_13738.csv,quick,13738,30,2.792872,1.78473E-05,5.1901E-06
nearly_sorted_13738.csv,counting,13738,30,1.574189,4.41054E-06,1.28261E-06
nearly_sorted_13738.csv,bubble,13738,5,17.666076,3.88045E-05,1.12845E-05
nearly_sorted_16103.csv,merge,16103,30,2.083961,6.50785E-06,1.89252E-06
nearly_sorted_16103.csv,quick,16103,30,2.995172,1.87254E-05,5.44543E-06
nearly_sorted_16103.csv,counting,16103,30,1.586929,4.46239E-06,1.29768E-06
nearly_sorted_16103.csv,bubble,16103,5,24.54703,5.68283E-05,1.6526E-05
nearly_sorted_18874.csv,merge,18874,30,2.191616,6.9513E-06,2.02147E-06
nearly_sorted_18874.csv,quick,18874,30,2.571212,1.69203E-05,4.92051E-06
nearly_sorted_18874.csv,counting,18874,30,1.603113,4.59171E-06,1.33529E-06
nearly_sorted_18874.csv,bubble,18874,5,34.452301,7.39312E-05,2.14996E-05
nearly_sorted_22122.csv,merge,22122,30,2.323189,7.49059E-06,2.1783E-06
nearly_sorted_22122.csv,quick,22122,30,2.778567,1.78226E-05,5.18289E-06
nearly_sorted_22122.csv,counting,22122,30,1.617049,4.5871E-06,1.33395E-06
nearly_sorted_22122.csv,bubble,22122,5,46.466767,0.000101929,2.96416E-05
nearly_sorted_25929.csv,merge,25929,30,2.489641,8.17378E-06,2.37698E-06
nearly_sorted_25929.csv,quick,25929,30,2.792134,1.49155E-05,4.3375E-06
nearly_sorted_25929.csv,counting,25929,30,1.627715,4.6334E-06,1.34742E-06
nearly_sorted_25929.csv,bubble,25929,5,62.902416,0.000135562,3.9422E-05
nearly_sorted_30392.csv,merge,30392,30,2.658236,1.7344E-05,5.04373E-06
nearly_sorted_30392.csv,quick,30392,30,3.513344,1.03256E-05,3.00273E-06
nearly_sorted_30392.csv,counting,30392,30,1.652735,4.73282E-06,1.37633E-06
nearly_sorted_30392.csv,bubble,30392,5,86.821722,0.000184258,5.35832E-05
nearly_sorted_35622.csv,merge,35622,30,2.994201,1.87229E-05,5.44472E-06
nearly_sorted_35622.csv,quick,35622,30,4.449609,1.19808E-05,3.48407E-06
nearly_sorted_35622.csv,counting,35622,30,1.719733,5.00965E-06,1.45683E-06
nearly_sorted_35622.csv,bubble,35622,5,118.627033,0.000252353,7.33856E-05
nearly_sorted_41753.csv,merge,41753,30,3.147891,8.80788E-06,2.56138E-06
nearly_sorted_41753.csv,quick,41753,30,7.281639,2.02978E-05,5.9027E-06
nearly_sorted_41753.csv,counting,41753,30,1.701772,4.93689E-06,1.43567E-06
nearly_sorted_41753.csv,bubble,41753,5,162.875984,0.000342724,9.9666E-05
nearly_sorted_48939.csv,merge,48939,30,3.448024,1.00523E-05,2.92327E-06
nearly_sorted_48939.csv,quick,48939,30,5.444423,1.39856E-05,4.06708E-06
nearly_sorted_48939.csv,counting,48939,30,1.738965,5.08905E-06,1.47992E-06
nearly_sorted_57362.csv,merge,57362,30,3.887458,1.30259E-05,3.78799E-06
nearly_sorted_57362.csv,quick,57362,30,5.568303,1.44929E-05,4.21462E-06
nearly_sorted_57362.csv,counting,57362,30,1.782985,5.26781E-06,1.53191E-06
nearly_sorted_67234.csv,merge,67234,30,4.266448,1.1318E-05,3.29133E-06
nearly_sorted_67234.csv,quick,67234,30,9.725306,2.30956E-05,6.71633E-06
nearly_sorted_67234.csv,counting,67234,30,1.868039,5.62038E-06,1.63444E-06
nearly_sorted_78805.csv,merge,78805,30,4.874416,1.51602E-05,4.40866E-06
nearly_sorted_78805.csv,quick,78805,30,6.653099,1.68147E-05,4.8898E-06
nearly_sorted_78805.csv,counting,78805,30,1.923429,5.84755E-06,1.7005E-06
nearly_sorted_92367.csv,merge,92367,30,5.366154,1.34299E-05,3.90549E-06
nearly_sorted_92367.csv,quick,92367,30,7.210814,2.02061E-05,5.87602E-06
nearly_sorted_92367.csv,counting,92367,30,2.01367,6.25449E-06,1.81884E-06
nearly_sorted_108264.csv,merge,108264,30,6.04662,1.86191E-05,5.41452E-06
nearly_sorted_108264.csv,quick,108264,30,13.710897,3.09775E-05,9.0084E-06
nearly_sorted_108264.csv,counting,108264,30,2.013337,6.21662E-06,1.80783E-06
nearly_sorted_126896.csv,merge,126896,30,6.873471,1.90061E-05,5.52706E-06
nearly_sorted_126896.csv,quick,126896,30,15.651339,3.77247E-05,1.09705E-05
nearly_sorted_126896.csv,counting,126896,30,2.147325,6.76698E-06,1.96787E-06
random_41753.csv,bubble,41753,5,274.065364,0.000577765075,0.000168016973
random_48939.csv,merge,48939,30,3.604164,0.000010681805,0.000003106322
random_48939.csv,quick,48939,30,3.032210,0.000018909619,0.000005499012
random_48939.csv,counting,48939,30,1.640367,0.000004684918,0.000001362398
nearly_sorted_148735.csv,merge,148735,30,8.344760,0.000019583828,0.000005695075
nearly_sorted_148735.csv,quick,148735,30,13.827979,0.000031823109,0.000009254319
nearly_sorted_148735.csv,counting,148735,30,2.218601,0.000007066477,0.000002054967
nearly_sorted_174333.csv,merge,174333,30,9.254058,0.000025543202,0.000007428091
nearly_sorted_174333.csv,quick,174333,30,15.455782,0.000037430593,0.000010885004
nearly_sorted_174333.csv,counting,174333,30,2.348438,0.000007595039,0.000002208675
nearly_sorted_204336.csv,merge,204336,30,10.954155,0.000028543604,0.000008300623
nearly_sorted_204336.csv,quick,204336,30,15.832618,0.000035727336,0.000010389688
nearly_sorted_204336.csv,counting,204336,30,2.492467,0.000008187680,0.000002381018
nearly_sorted_239503.csv,merge,239503,30,13.128550,0.000034608340,0.000010064278
nearly_sorted_239503.csv,quick,239503,30,27.476602,0.000063117303,0.000018354827
nearly_sorted_239503.csv,counting,239503,30,2.666161,0.000014529583,0.000004225275
nearly_sorted_280722.csv,merge,280722,30,15.475758,0.000037149506,0.000010803262
nearly_sorted_280722.csv,quick,280722,30,25.013398,0.000054747533,0.000015920856
nearly_sorted_280722.csv,counting,280722,30,2.857845,0.000015152923,0.000004406546
nearly_sorted_329034.csv,merge,329034,30,18.197783,0.000043511058,0.000012653233
nearly_sorted_329034.csv,quick,329034,30,28.336620,0.000062200649,0.000018088260
nearly_sorted_329034.csv,counting,329034,30,3.081665,0.000008631428,0.000002510062
nearly_sorted_385662.csv,merge,385662,30,21.528566,0.000050866247,0.000014792159
nearly_sorted_385662.csv,quick,385662,30,56.223836,0.000120282282,0.000034978689
nearly_sorted_385662.csv,counting,385662,30,3.385888,0.000009782348,0.000002844756
nearly_sorted_452035.csv,merge,452035,30,25.595792,0.000058676720,0.000017063484
nearly_sorted_452035.csv,quick,452035,30,50.521604,0.000111531058,0.000032433789
nearly_sorted_452035.csv,counting,452035,30,3.714723,0.000012385920,0.000003601887
nearly_sorted_529832.csv,merge,529832,30,29.860089,0.000068639909,0.000019960829
nearly_sorted_529832.csv,quick,529832,30,43.337519,0.000096426487,0.000028041304
nearly_sorted_529832.csv,counting,529832,30,4.125363,0.000013780972,0.000004007576
nearly_sorted_621017.csv,merge,621017,30,36.004494,0.000081052441,0.000023570455
nearly_sorted_621017.csv,quick,621017,30,49.416872,0.000109253764,0.000031771541
nearly_sorted_621017.csv,counting,621017,30,4.543590,0.000012401522,0.000003606425
nearly_sorted_727895.csv,merge,727895,30,42.591978,0.000094531512,0.000027490236
nearly_sorted_727895.csv,quick,727895,30,112.866471,0.000242138772,0.000070415166
nearly_sorted_727895.csv,counting,727895,30,5.063185,0.000016577515,0.000004820824
nearly_sorted_853168.csv,merge,853168,30,50.139244,0.000107625519,0.000031298039
nearly_sorted_853168.csv,quick,853168,30,73.533483,0.000160313939,0.000046620095
nearly_sorted_853168.csv,counting,853168,30,5.752153,0.000016963721,0.000004933135
nearly_sorted_1000000.csv,merge,1000000,30,59.331323,0.000126936080,0.000036913647
nearly_sorted_1000000.csv,quick,1000000,30,100.166178,0.000214767881,0.000062455574
nearly_sorted_1000000.csv,counting,1000000,30,6.482578,0.000016115798,0.000004686555
sorted_10000.csv,quick,10000,30,1.696853,0.000004917789,0.000001430118
sorted_1000000.csv,quick,1000000,30,30.158248,0.000068085564,0.000019799622
sorted_108264.csv,quick,108264,30,4.036997,0.000013462103,0.000003914847
sorted_11721.csv,quick,11721,30,1.735627,0.000005076168,0.000001476175
sorted_126896.csv,quick,126896,30,4.238207,0.000011212476,0.000003260644
sorted_13738.csv,quick,13738,30,1.774719,0.000005241301,0.000001524197
sorted_148735.csv,quick,148735,30,4.825945,0.000014872812,0.000004325088
sorted_16103.csv,quick,16103,30,1.803248,0.000005361516,0.000001559156
sorted_174333.csv,quick,174333,30,5.513561,0.000014346339,0.000004171987
sorted_18874.csv,quick,18874,30,1.863597,0.000005601690,0.000001629000
sorted_204336.csv,quick,204336,30,6.382889,0.000015810019,0.000004597632
sorted_22122.csv,quick,22122,30,1.955072,0.000005977531,0.000001738296
sorted_239503.csv,quick,239503,30,7.042984,0.000019474562,0.000005663300
sorted_25929.csv,quick,25929,30,2.034664,0.000006305505,0.000001833672
sorted_280722.csv,quick,280722,30,8.159410,0.000023079698,0.000006711692
sorted_30392.csv,quick,30392,30,2.212197,0.000007033423,0.000002045355
sorted_329034.csv,quick,329034,30,9.502862,0.000022256554,0.000006472317
sorted_35622.csv,quick,35622,30,2.333962,0.000007533449,0.000002190765
sorted_385662.csv,quick,385662,30,11.487968,0.000026120479,0.000007595966
sorted_41753.csv,quick,41753,30,2.510934,0.000008255691,0.000002400796
sorted_452035.csv,quick,452035,30,13.160816,0.000033226848,0.000009662534
sorted_48939.csv,quick,48939,30,2.594100,0.000014319380,0.000004164147
sorted_529832.csv,quick,529832,30,15.003856,0.000034575472,0.000010054720
sorted_57362.csv,quick,57362,30,2.712340,0.000014862591,0.000004322116
sorted_621017.csv,quick,621017,30,18.183779,0.000042673189,0.000012409577
sorted_67234.csv,quick,67234,30,2.903294,0.000015548284,0.000004521519
sorted_727895.csv,quick,727895,30,22.069013,0.000048967270,0.000014239927
sorted_78805.csv,quick,78805,30,3.200285,0.000009017350,0.000002622290
sorted_853168.csv,quick,853168,30,25.769173,0.000060019963,0.000017454105
sorted_92367.csv,quick,92367,30,3.567911,0.000010533596,0.000003063222
reverse_10000.csv,quick,10000,30,1.830978,0.000005462973,0.000001588660
reverse_1000000.csv,quick,1000000,30,59.938144,0.000131432058,0.000038221100
reverse_108264.csv,quick,108264,30,6.068403,0.000018996394,0.000005524246
reverse_11721.csv,quick,11721,30,1.893736,0.000005726389,0.000001665263
reverse_126896.csv,quick,126896,30,6.896168,0.000019137554,0.000005565296
reverse_13738.csv,quick,13738,30,1.972926,0.000006051208,0.000001759722
reverse_148735.csv,quick,148735,30,8.048600,0.000021789348,0.000006336451
reverse_16103.csv,quick,16103,30,2.066579,0.000006436682,0.000001871819
reverse_174333.csv,quick,174333,30,9.308457,0.000024589270,0.000007150683
reverse_18874.csv,quick,18874,30,2.270929,0.000007276174,0.000002115948
reverse_204336.csv,quick,204336,30,11.168243,0.000028281498,0.000008224401
reverse_22122.csv,quick,22122,30,2.409495,0.000007846244,0.000002281727
reverse_239503.csv,quick,239503,30,13.192890,0.000032402355,0.000009422767
reverse_25929.csv,quick,25929,30,2.485936,0.000008160833,0.000002373211
reverse_280722.csv,quick,280722,30,15.640938,0.000034853540,0.000010135584
reverse_30392.csv,quick,30392,30,2.632219,0.000017178487,0.000004995590
reverse_329034.csv,quick,329034,30,18.583229,0.000045223164,0.000013151122
reverse_35622.csv,quick,35622,30,2.845981,0.000018075235,0.000005256369
reverse_385662.csv,quick,385662,30,21.760162,0.000050510797,0.000014688792
reverse_41753.csv,quick,41753,30,3.126104,0.000008710738,0.000002533126
reverse_452035.csv,quick,452035,30,25.871839,0.000059226930,0.000017223488
reverse_48939.csv,quick,48939,30,3.421683,0.000009927162,0.000002886868
reverse_529832.csv,quick,529832,30,30.728446,0.000069574968,0.000020232748
reverse_57362.csv,quick,57362,30,3.768257,0.000012815486,0.000003726807
reverse_621017.csv,quick,621017,30,36.270470,0.000078176304,0.000022734060
reverse_67234.csv,quick,67234,30,4.200869,0.000011038995,0.000003210195
reverse_727895.csv,quick,727895,30,42.935054,0.000092747745,0.000026971508
reverse_78805.csv,quick,78805,30,4.740659,0.000015359302,0.000004466562
reverse_853168.csv,quick,853168,30,51.674152,0.000114429016,0.000033276530
reverse_92367.csv,quick,92367,30,5.315360,0.000013529536,0.000003934457
